Tipo;Familia;Código;Descripción;N;A;I;E;T;U;L;X1;X2;Y1;Y2;Ø;DIS;Notas
Monofásico EI;EI 63;018080;EI 63x6,5 (6,5x6,5) c/pines;6.8;6.5;10.9;12.3;20.5;18.4;–;3X5;17;–;–;0.8;A;Sin L en catálogo
Monofásico EI;EI 37;203010;EI 37x10;9.8;10;17.7;18.8;22;24.8;26.9;–;–;–;–;–;A;
Monofásico EI;EI 37;011080;EI 37x10 c/pines;10;10;17.3;18.7;27;25;25.2;4X5;23.5;–;–;0.8;B;
Monofásico EI;EI 37;011Z80;EI 37x10 c/sep 60/40% c/pines;10;10;17.3;18.7;27;25;25.2;4X5;23.5;6.6;9.9;0.8;B;
Monofásico EI;EI 37;204010;EI 37x13;9.8;12.9;17.7;18.8;22;24.8;29.5;–;–;–;–;–;A;
Monofásico EI;EI 37;004080;EI 37x13 c/pines;10;13;17.3;18.7;27;25;28.2;4X5;23.5;–;–;0.8;B;
Monofásico EI;EI 37;004Z80;EI 37x13 c/sep 60/40% c/pines;10;13;17.3;18.7;27;25;28.2;4X5;23.5;6.6;9.9;0.8;B;
Monofásico EI;EI 37;015080;EI 37x20 c/pines;10;20;17.3;18.7;27;25;35.2;4X5;23.5;–;–;0.8;B;
Monofásico EI;EI 37;015Z80;EI 37x20 c/sep 60/40% c/pines;10;20;17.3;18.7;27;25;35.2;4X5;23.5;6.6;9.9;0.8;B;
Monofásico EI;EI 13;106010;EI 13x13;13.2;13.2;19.3;20.3;24;27.4;31.8;–;–;–;–;–;A;
Monofásico EI;EI 13;106110;EI 13x13 c/sep 53/47%;13.2;13.2;19.3;20.3;24;27.4;31.8;–;–;8.6;9.9;–;A;Y2 calculado: I-8.6-0.8
Monofásico EI;EI 13;172010;EI 13x20;13.5;20.6;19.1;20.5;24;27.5;39;–;–;–;–;–;A;
Monofásico EI;EI 13;172110;EI 13x20 c/sep 53/47%;13.5;20.6;19.1;20.5;24;27.5;39;–;–;8.6;9.7;–;A;Y2 calculado: I-8.6-0.8
Monofásico EI;EI 25;141010;EI 25x12,5;13.2;12.9;17.6;19.9;23.5;28;29.3;–;–;–;–;–;A;
Monofásico EI;EI 25;141910;EI 25x12,5 c/sep 50/50%;13.2;12.9;17.6;19.9;23.5;28;29.3;–;–;8.15;8.15;–;A;Corregido X2→Y1/Y2
Monofásico EI;EI 25;141110;EI 25x12,5 c/sep 53/47%;13.2;12.9;17.6;19.9;23.5;28;29.3;–;–;8.6;7.7;–;A;Corregido X2→Y1/Y2
Monofásico EI;EI 25;E141281;EI 25x12,5 2 sep. Especial;13.2;12.9;17.6;19.9;23.5;28;29.3;–;–;5;–;–;C;Falta segunda cámara
Monofásico EI;EI 25;012080;EI 25x13 c/pines;13.3;13.5;17.8;20.2;27.5;28;37.5;5x5;24;–;–;0.8;B;
Monofásico EI;EI 25;012180;EI 25x13 c/sep 53/47% c/pines;13.3;13.5;17.8;20.2;27.5;28;37.5;5x5;24;8;8.9;0.8;B;
Monofásico EI;EI 25;142010;EI 25x17;13.2;17.4;17.6;19.9;23.5;28;33.8;–;–;–;–;–;A;
Monofásico EI;EI 25;142910;EI 25x17 c/sep 50/50%;13.2;17.4;17.6;19.9;23.5;28;33.8;–;–;8.15;8.15;–;A;Corregido X2→Y1/Y2
Monofásico EI;EI 25;142110;EI 25x17 c/sep 53/47%;13.2;17.4;17.6;19.9;23.5;28;33.8;–;–;8.6;7.7;–;A;Corregido X2→Y1/Y2
Monofásico EI;EI 25;013080;EI 25x17 c/pines;13.3;17.5;17.8;20.2;27.5;28;41.5;5x5;24;–;–;0.8;B;
Monofásico EI;EI 25;013180;EI 25x17 c/sep 53/47% c/pines;13.3;17.5;17.8;20.2;27.5;28;41.5;5x5;24;8;8.9;0.8;B;
Monofásico EI;EI 25;014080;EI 25x20 c/pines;13.3;20.5;17.8;20.2;27.5;28;44.5;5x5;24;–;–;0.8;B;
Monofásico EI;EI 25;014180;EI 25x20 c/sep 53/47% c/pines;13.3;20.5;17.8;20.2;27.5;28;44.5;5x5;24;8;8.9;0.8;B;
Monofásico EI;EI 25;282010;EI 25x28;13.2;28.4;17.6;19.9;23.5;28;48.8;–;–;–;–;–;A;
Monofásico EI;EI 25;282910;EI 25x28 c/sep 50/50%;13.2;28.4;17.6;19.9;23.5;28;48.8;–;–;8.15;8.15;–;A;Corregido X2→Y1/Y2
Monofásico EI;EI 25;282110;EI 25x28 c/sep 53/47%;13.2;28.4;17.6;19.9;23.5;28;48.8;–;–;8.6;7.7;–;A;Corregido X2→Y1/Y2
Monofásico EI;EI 62;127010;EI 62x16;16.8;16.5;20.8;23.4;27.5;30.9;35.5;–;–;–;–;–;A;
Monofásico EI;EI 62;127110;EI 62x16 c/sep 53/47%;16.8;16.5;20.8;23.4;27.5;30.9;35.5;–;–;10.6;9.4;–;A;Corregido X2→Y1/Y2
Monofásico EI;EI 62;127210;EI 62x16 c/sep 60/40%;16.8;16.5;20.8;23.4;27.5;30.9;35.5;–;–;12;8;–;A;Corregido X2→Y1/Y2
Monofásico EI;EI 62;005080;EI 62x16 c/pines;16.8;16.5;21.1;23.5;27.5;31;34.5;5x5;27.5;–;–;0.8;D;
Monofásico EI;EI 62;005180;EI 62x16 c/sep 53/47% c/pines;16.8;16.5;21.1;23.5;27.5;31;34.5;5x5;27.5;9.5;10.5;0.8;D;
Monofásico EI;EI 62;126010;EI 62x20;16.8;20.5;20.8;23.4;27.5;30.9;39.5;–;–;–;–;–;A;
Monofásico EI;EI 62;236000;EI 62x20 c/suj. esp.;16.6;20.6;21;23.4;28.4;31.1;35;–;–;–;–;–;B;
Monofásico EI;EI 62;126110;EI 62x20 c/sep 53/47%;16.8;20.5;20.8;23.4;27.5;30.9;39.5;–;–;10.6;9.4;–;A;Corregido X2→Y1/Y2
Monofásico EI;EI 62;006080;EI 62x20 c/pines;16.5;20.5;21.1;23.5;31;30.4;38.5;5x5;27.5;–;–;0.8;D;
Monofásico EI;EI 62;006180;EI 62x20 c/sep 53/47% c/pines;16.5;20.5;21.2;23.5;31;30.4;38.5;5x5;27.5;10.5;9.5;0.8;D;
Monofásico EI;EI 62;108010;EI 62x23;16.8;24;20.8;23.4;27.5;30.9;43;–;–;–;–;–;A;
Monofásico EI;EI 62;108110;EI 62x23 c/sep 53/47%;16.8;24;20.8;23.4;27.5;30.9;43;–;–;10.6;9.4;–;A;Corregido X2→Y1/Y2
Monofásico EI;EI 62;108210;EI 62x23 c/sep 60/40%;16.8;24;20.8;23.4;27.5;30.9;43;–;–;12;8;–;A;Corregido X2→Y1/Y2
Monofásico EI;EI 62;107010;EI 62x25;16.8;25.5;20.8;23.4;27.5;30.9;44.5;–;–;–;–;–;A;
Monofásico EI;EI 62;107110;EI 62x25 c/sep 53/47%;16.8;25.5;20.8;23.4;27.5;30.9;44.5;–;–;10.6;9.4;–;A;Corregido X2→Y1/Y2
Monofásico EI;EI 62;107210;EI 62x25 c/sep 60/40%;16.8;25.5;20.8;23.4;27.5;30.9;44.5;–;–;12;8;–;A;Corregido X2→Y1/Y2
Monofásico EI;EI 62;007080;EI 62x25 c/pines;16.5;25.5;21.1;23.5;31;30.4;43.5;5x5;27.5;–;–;0.8;D;
Monofásico EI;EI 62;007180;EI 62x25 c/sep 53/47% c/pines;16.5;25.5;21.1;23.5;31;30.4;43.5;5x5;27.5;10.5;9.5;0.8;D;
Monofásico EI;EI 62;137010;EI 62x28;16.5;28.4;20.7;23.4;28.1;30.7;45.5;–;–;–;–;–;B;
Monofásico EI;EI 62;207010;EI 62x28 s/suj. ch.;16.5;28.2;20.1;23.2;28.1;30.8;45.5;–;–;–;–;–;C;
Monofásico EI;EI 62;137910;EI 62x28 c/sep 50/50%;16.5;28.4;20.7;23.4;28.1;30.7;45.5;–;–;9.8;9.8;–;B;Corregido X2→Y1/Y2
Monofásico EI;EI 62;207910;EI 62x28 c/sep 50/50% s/suj. ch;16.5;28.2;20.1;23.2;28.1;30.8;45.5;–;–;9.5;9.5;–;C;Corregido X2→Y1/Y2
Monofásico EI;EI 62;119010;EI 62x40;16.4;40.2;20.7;23.3;29.5;31.7;55.6;–;–;–;–;–;A;
Monofásico EI;EI 62;119610;EI 62x40 s/suj. ch;16.3;40.3;19.9;23.5;29.6;31.7;55.6;–;–;–;–;–;C;
Monofásico EI;EI 62;118010;EI 62x47;16.4;47.2;21.2;23.6;27.4;32;61.6;–;–;–;–;–;A;
Monofásico EI;EI 62;118610;EI 62x47 s/suj. ch;16.4;47.2;21.2;23.6;24.5;32;61.6;–;–;–;–;–;C;
Monofásico EI;EI 62;285010;EI 62x47 especial;16.4;47.2;21.2;23.6;31.2;32;61.6;–;–;–;–;–;A;
Monofásico EI;EI 62;117010;EI 62x51;16.4;51;20.6;22.9;31.2;31.8;65.4;–;–;–;–;–;A;
Monofásico EI;EI 62;136010;EI 62x52;16.4;52.2;20;23.1;23.1;31.2;68.2;–;–;–;–;–;C;
Monofásico EI;EI 62;136910;EI 62x52 c/sep 50/50%;16.4;52.2;20;23.1;23.1;31.2;68.2;–;–;9.8;9.8;–;C;Corregido X2→Y1/Y2
Monofásico EI;EI 62;136110;EI 62x52 c/sep 53/47%;16.4;52.2;20;23.1;23.1;31.2;68.2;–;–;10.8;8.8;–;C;Corregido X2→Y1/Y2
Monofásico EI;EI 62;232010;EI 62x66;16.6;66.5;20.7;23.2;27.3;31.3;85.6;–;–;–;–;–;A;
Monofásico EI;EI 62;161010;EI 62x85;16.2;85.1;20.2;23;31.4;31.6;98.2;–;–;–;–;–;A;
Monofásico EI;EI 75;131010;EI 75x20;19.6;20.1;24.7;27.3;27.3;37.6;38.1;–;–;–;–;–;A;
Monofásico EI;EI 75;008080;EI 75x20 c/pines;19.5;20.5;25.5;28.4;35.5;37.8;42;5x5;–;–;–;0.8;C;Formato pines unificado
Monofásico EI;EI 75;239010;EEI 75x20 c/suj. ch.;19.6;20.1;24.7;27.3;33.7;37.6;38.1;–;–;–;–;–;B;Descripción original
Monofásico EI;EI 75;131910;EI 75x20 c/sep. 50/50%;19.6;20.1;24.7;27.3;–;37.6;38.1;–;–;11.7;11.7;–;A;
Monofásico EI;EI 75;131Z10;EI 75x20 c/sep. 60/40%;19.6;20.1;24.7;27.3;–;37.6;38.1;–;–;14;9.5;–;A;
Monofásico EI;EI 75;008180;EI 75x20 c/sep 53/47% c/pines;19.5;20.5;25.5;28.4;35.5;37.8;42;5x5;–;11.3;12.7;0.8;D;Formato pines unificado
Monofásico EI;EI 75;009080;EI 75x22;22.5;22.5;25.5;28.4;35.5;37.8;44;5x5;–;–;–;–;D;Formato pines unificado
Monofásico EI;EI 75;009180;EI 75x22 c/sep 53/47% c/pines;22.5;22.5;25.5;28.4;35.5;37.8;44;5x5;–;11.3;12.7;0.8;D;Formato pines unificado
Monofásico EI;EI 75;128010;EI 75x25;25.6;25.6;24.1;27.5;27.5;37.7;44.3;–;–;–;–;–;A;
Monofásico EI;EI 75;238000;EI 75x25 c/suj. ch.;25.6;25.6;24.1;27.5;33.7;37.7;44.3;–;–;–;–;–;B;
Monofásico EI;EI 75;128110;EI 75x25 c/sep 53/47%;25.6;25.6;24.1;27.5;–;37.7;44.3;–;–;12.9;11.1;–;A;
Monofásico EI;EI 75;147081;EI 75x26;19.4;26.2;25.5;28;33.4;35.7;45.9;–;–;–;–;–;C;
Monofásico EI;EI 75;147Z10;EI 75x26 c/sep 60/40%;19.4;26.2;25.5;28;33.4;35.7;45.9;–;–;14.1;9.5;–;C;
Monofásico EI;EI 75;010080;EI 75x30 c/pines;19.5;30.5;25.5;28.4;35.5;37.8;52;5x5;–;–;–;0.8;D;Formato pines unificado
Monofásico EI;EI 75;010180;EI 75x30 c/sep 53/47% c/pines;19.5;30.5;25.5;28.4;35.5;37.8;52;5x5;–;11.3;12.7;0.8;D;Formato pines unificado
Monofásico EI;EI 75;149010;EI 75x35;19.3;35;25.1;27.9;–;37.2;55.3;–;–;–;–;–;A;
Monofásico EI;EI 75;149110;EI 75x35 c/sep 53/47%;19.3;35;25.1;27.9;–;37.2;55.3;–;–;12.4;11;–;A;
Monofásico EI;EI 75;149Z10;EI 75x35 c/sep 60/40%;19.3;35;25.1;27.9;–;37.2;55.3;–;–;14;9.4;–;A;
Monofásico EI;EI 75;171010;EI 75x40;19.5;40.1;25.7;28.2;32.8;38;60.7;–;–;–;–;–;B;
Monofásico EI;EI 75;171600;EI 75x40 s/suj. ch.;19.5;40.1;25.7;28.2;28.2;38;60.7;–;–;–;–;–;A;
Monofásico EI;EI 75;023080;EI 75x44 c/pines;19.5;44.5;25.5;28.4;35.5;37.8;66;5x5;–;–;–;0.8;D;Formato pines unificado
Monofásico EI;EI 77;158010;EI 77x22;22.5;22.1;30.5;33.1;38.1;42.9;45.4;–;–;–;–;–;A;
Monofásico EI;EI 77;158110;EI 77x22 c/sep 53/47%;22.5;22.1;30.5;33.1;38.1;42.9;45.4;–;–;15.3;13.6;–;A;Corregido X2→Y1/Y2
Monofásico EI;EI 77;159010;EI 77x26;22.6;26.7;30.1;32.4;38;43.5;49.3;–;–;–;–;–;A;
Monofásico EI;EI 77;159110;EI 77x26 c/sep 53/47%;22.6;26.7;30.2;32.9;37.9;43.2;49.3;–;–;15.4;13.6;–;A;Corregido X2→Y1/Y2
Monofásico EI;EI 77;159Z10;EI 77x26 c/sep 60/40%;22.6;26.7;30.2;32.9;37.9;43.2;49.3;–;–;17.6;11.4;–;A;Corregido X2→Y1/Y2
Monofásico EI;EI 77;160010;EI 77x30;22.4;30.6;30.6;33;38.1;43.5;53.2;–;–;–;–;–;A;
Monofásico EI;EI 77;160110;EI 77x30 c/sep 53/47%;22.4;30.6;30.6;33;38.1;43.5;53.2;–;–;15.4;13.6;–;A;Corregido X2→Y1/Y2
Monofásico EI;EI 77;160Z10;EI 77x30 c/sep 60/40%;22.4;30.6;30.6;33;38.1;43.5;53.2;–;–;17.6;11.4;–;A;Corregido X2→Y1/Y2
Monofásico EI;EI 77;178010;EI 77x45;22.5;45.5;30;32.6;37.4;43.1;68.2;–;–;–;–;–;A;
Monofásico EI;EI 77;178081-B;EI 77x45 p/pin central;22.5;45.5;30;32.6;43.1;43.1;75.2;10;10;–;–;–;B;Código único variante B
Monofásico EI;EI 77;178081-C;EI 77x45 p/pin lateral;22.5;45.5;30;32.6;43.1;43.1;75.2;10;10;–;–;–;C;Código único variante C
Monofásico EI;EI 77;202010;EI 77x60;22.8;60;29.5;32.6;44.5;43.5;83.9;–;–;–;–;–;A;
Monofásico EI;EI 77;202081-B;EI 77x60 p/pin central;22.8;60;29.5;32.6;44.5;43.5;91;10;10;–;–;–;B;Código único variante B
Monofásico EI;EI 77;202081-C;EI 77x60 p/pin lateral;22.8;60;29.5;32.6;44.5;43.5;91;10;10;–;–;–;C;Código único variante C
Monofásico EI;EI 77;152010;EI 77x74;22.6;74.2;28;32.8;42.5;45.4;100;–;–;–;–;–;A;
Monofásico EI;EI 77;152081;EI 77x74 p/pin central;22.6;74.2;28;32.8;42.5;45.4;100;10;10;–;–;–;B;
Monofásico EI;EI 111;153010;EI 111x26;26.2;26.5;33.9;37.3;42.3;50;60.9;–;–;–;–;–;A;
Monofásico EI;EI 111;153610;EI 111x26 s/suj. ch;26.2;26.3;34;37.2;–;50.1;53;–;–;–;–;–;B;
Monofásico EI;EI 111;153910;EI 111x26 c/sep 50/50%;26.2;26.5;33.9;37.3;42.3;50;60.9;–;–;16.5;16.5;–;A;Corregido X2→Y1/Y2
Monofásico EI;EI 111;153110;EI 111x26 c/sep 53/47%;26.2;26.5;33.9;37.3;42.3;50;60.9;–;–;17.2;15.2;–;A;Corregido X2→Y1/Y2
Monofásico EI;EI 111;153710;EI 111x26 c/sep 62/38%;26.2;26.5;33.9;37.3;42.3;50;60.9;–;–;20.1;12.3;–;A;Corregido X2→Y1/Y2
Monofásico EI;EI 111;153081;EI 111x26 p/pin central;26.2;26.5;33.9;37.3;42.3;50;60.9;10;10;–;–;–;C;
Monofásico EI;EI 111;153981;EI 111x26 c/sep 50/50% p/pin central;26.2;26.5;33.9;37.3;42.3;50;60.9;10;10;16.5;16.5;–;C;
Monofásico EI;EI 111;153181;EI 111x26 c/sep 53/47% p/pin central;26.2;26.5;33.9;37.3;42.3;50;60.9;10;10;17.2;15.2;–;C;
Monofásico EI;EI 111;S113;EI 111x26 p/terminales;26;26.5;34.1;36.1;45;48.5;53.4;7;–;–;–;–;D;
Monofásico EI;EI 111;S114;EI 111x26 c/sep 53/47% p/terminales;26;26.5;34.1;36.1;45;48.5;53.4;7;–;17.6;15.9;–;D;
Monofásico EI;EI 111;154010;EI 111x30;26.2;30.5;33.9;37.3;42.3;50;60.9;–;–;–;–;–;A;
Monofásico EI;EI 111;154910;EI 111x30 c/sep 50/50%;26.2;30.5;33.9;37.3;42.3;50;60.9;–;–;16.5;16.5;–;A;Corregido X2→Y1/Y2
Monofásico EI;EI 111;154110;EI 111x30 c/sep 53/47%;26.2;30.5;33.9;37.3;42.3;50;60.9;–;–;17.2;15.2;–;A;Corregido X2→Y1/Y2
Monofásico EI;EI 111;154710;EI 111x30 c/sep 62/38%;26.2;30.5;33.9;37.3;42.3;50;60.9;–;–;20.1;12.3;–;A;Corregido X2→Y1/Y2
Monofásico EI;EI 111;154081;EI 111x30 p/pin central;26.2;30.5;33.9;37.3;42.3;50;60.9;10;10;–;–;–;C;
Monofásico EI;EI 111;154981;EI 111x30 c/sep 50/50% p/pin central;26.2;30.5;33.9;37.3;42.3;50;60.9;10;10;16.5;16.5;–;C;
Monofásico EI;EI 111;154181;EI 111x30 c/sep 53/47% p/pin central;26.2;30.5;33.9;37.3;42.3;50;60.9;10;10;17.2;15.2;–;C;
Monofásico EI;EI 111;S115;EI 111x30 p/terminales;26;30.5;34.1;36.1;45;48.5;57.4;7;–;–;–;–;D;
Monofásico EI;EI 111;S116;EI 111x30 c/sep 53/47% p/term.;26;30.5;34.1;36.1;45;48.5;57.4;7;–;17.6;15.9;–;D;
Monofásico EI;EI 111;155010;EI 111x36;26.2;36.5;33.9;37.3;42.3;50;66.9;–;–;–;–;–;A;
Monofásico EI;EI 111;155910;EI 111x36 c/sep 50/50%;26.2;36.5;33.9;37.3;42.3;50;66.9;–;–;16.5;16.5;–;A;Corregido X2→Y1/Y2
Monofásico EI;EI 111;155110;EI 111x36 c/sep 53/47%;26.2;36.5;33.9;37.3;42.3;50;66.9;–;–;17.2;15.2;–;A;Corregido X2→Y1/Y2
Monofásico EI;EI 111;155710;EI 111x36 c/sep 62/38%;26.2;36.5;33.9;37.3;42.3;50;66.9;–;–;20.1;12.3;–;A;Corregido X2→Y1/Y2
Monofásico EI;EI 111;155081;EI 111x36 p/pin central;26.2;36.5;33.9;37.3;42.3;50;66.9;10;10;–;–;–;C;
Monofásico EI;EI 111;155981;EI 111x36 c/sep 50/50% p/pin central;26.2;36.5;33.9;37.3;42.3;50;66.9;10;10;16.5;16.5;–;C;
Monofásico EI;EI 111;155181;EI 111x36 c/sep 53/47% p/pin central;26.2;36.5;33.9;37.3;42.3;50;66.9;10;10;17.2;15.2;–;C;Descripción corregida
Monofásico EI;EI 111;S117;EI 111x36 p/terminales;26;36.5;34.1;36.1;45;48.5;63.4;7;–;–;–;–;D;
Monofásico EI;EI 111;S118;EI 111x36 c/sep 53/47% p/term.;26;36.5;34.1;36.1;45;48.5;63.4;7;–;17.6;15.9;–;D;
Monofásico EI;EI 112;156010;EI 112x29;29.2;29.5;39.1;42.1;47;56.1;59;–;–;–;–;–;A;
Monofásico EI;EI 112;A156081;EI 112x29 p/pin;29.2;29.5;39.1;42.1;47.5;56.1;66.1;10;10;–;–;–;B;
Monofásico EI;EI 112;156910;EI 112x29 c/sep 50/50%;29.2;29.5;39.1;42.1;47;56.1;59;–;–;18.8;18.8;–;A;Corregido X2→Y1/Y2
Monofásico EI;EI 112;156110;EI 112x29 c/sep 53/47%;29.2;29.5;39.1;42.1;47;56.1;59;–;–;19.9;17.7;–;A;Corregido X2→Y1/Y2
Monofásico EI;EI 112;A156981;EI 112x29 c/sep 50/50% p/pin;29.2;29.5;39.1;42.1;47;56.1;59;–;–;18.8;18.8;–;B;Corregido X2→Y1/Y2
Monofásico EI;EI 112;A156181;EI 112x29 c/sep 53/47% p/pin;29.2;29.5;39.1;42.1;47.5;56.1;66.1;10;10;19.9;17.7;–;B;
Monofásico EI;EI 112;130010;EI 112x33;29.5;33.5;39.3;42.3;47.2;56.2;62.9;–;–;–;–;–;A;
Monofásico EI;EI 112;W130081;EI 112x33 W;29.5;33.4;39.8;42.3;51.9;56;63.4;–;–;–;–;–;C;
Monofásico EI;EI 112;130910;EI 112x33 c/sep 50/50%;29.5;33.5;39.3;42.3;47.2;56.2;62.9;–;–;18.8;18.8;–;A;Corregido X2→Y1/Y2
Monofásico EI;EI 112;130110;EI 112x33 c/sep 53/47%;29.5;33.5;39.3;42.3;47.2;56.2;62.9;–;–;19.9;17.7;–;A;Corregido X2→Y1/Y2
Monofásico EI;EI 112;129010;EI 112x40;29.5;38.6;39.3;42.3;52.4;56.2;68.2;–;–;–;–;–;A;
Monofásico EI;EI 112;129910;EI 112x40 c/sep 50/50%;29.5;38.6;39.3;42.3;52.4;56.2;68.2;–;–;18.8;18.8;–;A;Corregido X2→Y1/Y2
Monofásico EI;EI 112;129110;EI 112x40 c/sep 53/47%;29.5;38.6;39.3;42.3;52.4;56.2;68.2;–;–;19.9;17.7;–;A;Corregido X2→Y1/Y2
Monofásico EI;EI 112;W129081;EI 112x40 W;29.5;38.4;39.8;42.3;57.1;56;69.1;–;–;–;–;–;C;
Monofásico EI;EI 112;157010;EI 112x46;29.5;46.3;39.3;42.3;60.2;56.2;76.1;–;–;–;–;–;A;
Monofásico EI;EI 112;A157081;EI 112x46 p/pin;29.5;46.3;39.8;42.3;64.9;56;82.3;10;10;–;–;–;B;
Monofásico EI;EI 112;157910;EI 112x46 c/sep 50/50%;29.5;46.3;39.3;42.3;60.2;56.2;76.1;–;–;18.8;18.8;–;A;Corregido X2→Y1/Y2
Monofásico EI;EI 112;157110;EI 112x46 c/sep 53/47%;29.5;46.3;39.3;42.3;60.2;56.2;76.1;–;–;19.9;17.7;–;A;Corregido X2→Y1/Y2
Monofásico EI;EI 112;A157981;EI 112x46 c/sep 50/50% p/pin;29.5;46.3;39.8;42.3;64.9;56;82.3;10;10;18.8;18.8;–;B;
Monofásico EI;EI 112;A157181;EI 112x46 c/sep 53/47% p/pin;29.5;46.3;39.8;42.3;64.9;56;82.3;10;10;19.9;17.7;–;B;
Monofásico EI;EI 112;114010;EI 112x60;29.5;60;39.3;42.3;73.9;56.2;89.8;–;–;–;–;–;A;
Monofásico EI;EI 112;114081/E;EI 112x60 p/pin central especial;29.5;60;39.8;42.3;78.6;56;95.9;10;10;–;–;–;B;
Monofásico EI;EI 112;261010;EI 112x70;29.5;70;39.3;42.3;83.9;56.2;99.8;–;–;–;–;–;A;
Monofásico EI;EI 112;261081;EI 112x70 p/pin central;29.5;70;39.8;42.3;88.6;56;105.9;10;10;–;–;–;B;
Monofásico EI;EI 112;116010;EI 112x80;29.5;80;39.3;42.3;93.9;56.2;109.8;–;–;–;–;–;A;
Monofásico EI;EI 112;116081/E;EI 112x80 p/pin central especial;29.5;80;39.8;42.3;98.6;56;115.9;10;10;–;–;–;B;
Monofásico EI;EI 125;143010;EI 125x32;32;32;43;46;49;63;65;–;–;–;–;–;A;
Monofásico EI;EI 125;143081;EI 125x32 p/pin central;32;32;43.5;46;53.7;63;70;10;10;–;–;–;B;
Monofásico EI;EI 125;143110;EI 125x32 c/sep 53/47%;32.8;32.6;42.9;46.6;49.2;62.2;64.5;–;–;19.9;17.7;–;A;Corregido X2→Y1/Y2
Monofásico EI;EI 125;143910;EI 125x32 c/sep 50/50%;32.8;32.6;42.9;46.6;49.2;62.2;64.5;–;–;18.8;18.8;–;A;Corregido X2→Y1/Y2
Monofásico EI;EI 125;143181;EI 125x32 c/sep 53/47% p/pin central;32.8;32.6;42.9;46.6;53.9;62.2;71.8;10;10;19.9;17.7;–;B;
Monofásico EI;EI 125;143981;EI 125x32 c/sep 50/50% p/pin central;32.8;32.6;42.9;46.6;53.9;62.2;71.8;10;10;18.8;18.8;–;B;
Monofásico EI;EI 125;139010;EI 125x39;32.8;39.6;42.9;46.6;53.9;62.2;71.5;–;–;–;–;–;A;
Monofásico EI;EI 125;139081;EI 125x39 p/pin central;32.8;39.6;42.9;46.6;58.6;62.2;78.8;10;10;–;–;–;B;
Monofásico EI;EI 125;139110;EI 125x39 c/sep 53/47%;32.8;39.6;42.9;46.6;53.9;62.2;71.5;–;–;19.9;17.7;–;A;Corregido X2→Y1/Y2
Monofásico EI;EI 125;139910;EI 125x39 c/sep 50/50%;32.8;39.6;42.9;46.6;53.9;62.2;71.5;–;–;18.8;18.8;–;A;Corregido X2→Y1/Y2
Monofásico EI;EI 125;139181;EI 125x39 c/sep 53/47% p/pin central;32.8;39.6;42.9;46.6;58.6;62.2;78.8;10;10;19.9;17.7;–;B;
Monofásico EI;EI 125;139981;EI 125x39 c/sep 50/50% p/pin central;32.8;39.6;42.9;46.6;58.6;62.2;78.8;10;10;18.8;18.8;–;B;
Monofásico EI;EI 125;W140010;EI 125x44 W;32.8;44;43.4;46.6;63.4;62;81;–;–;–;–;–;C;
Monofásico EI;EI 125;140010;EI 125x44;32.8;44;42.9;46.6;58.4;62.2;76.3;–;–;–;–;–;A;
Monofásico EI;EI 125;140081;EI 125x44 p/pin central;32.8;44;42.9;46.6;63.1;62.2;83.3;10;10;–;–;–;B;
Monofásico EI;EI 125;140110;EI 125x44 c/sep 53/47%;32.8;44;42.9;46.6;58.4;62.2;76.3;–;–;19.9;17.7;–;A;Corregido X2→Y1/Y2
Monofásico EI;EI 125;140910;EI 125x44 c/sep 50/50%;32.8;44;42.9;46.6;58.4;62.2;76.3;–;–;18.8;18.8;–;A;Corregido X2→Y1/Y2
Monofásico EI;EI 125;140181;EI 125x44 c/sep 53/47% p/pin ctrl.;32.8;44;42.9;46.6;63.1;62.2;83.3;10;10;19.9;17.7;–;B;
Monofásico EI;EI 125;140981;EI 125x44 c/sep 50/50% p/pin ctrl.;32.8;44;42.9;46.6;63.1;62.2;83.3;10;10;18.8;18.8;–;B;
Monofásico EI;EI 125;132010;EI 125x54;32.8;54;42.9;46.6;68.4;62.2;86.3;–;–;–;–;–;A;
Monofásico EI;EI 125;132081;EI 125x54 p/pin central;32.8;54;42.9;46.6;73.1;62.2;93.3;10;10;–;–;–;B;
Monofásico EI;EI 125;132110;EI 125x54 c/sep 53/47%;32.8;54;42.9;46.6;68.4;62.2;86.3;–;–;19.9;17.7;–;A;Corregido X2→Y1/Y2
Monofásico EI;EI 125;132910;EI 125x54 c/sep 50/50%;32.8;54;42.9;46.6;68.4;62.2;86.3;–;–;18.8;18.8;–;A;Corregido X2→Y1/Y2
Monofásico EI;EI 125;132181;EI 125x54 c/sep 53/47% p/pin ctrl.;32.8;54;42.9;46.6;63.1;62.2;93.3;10;10;19.9;17.7;–;B;
Monofásico EI;EI 125;132981;EI 125x54 c/sep 50/50% p/pin ctrl.;32.8;54;42.9;46.6;63.1;62.2;93.3;10;10;18.8;18.8;–;B;
Monofásico EI;EI 125;133010;EI 125x59;32.8;59;42.9;46.6;73.4;62.2;91.3;–;–;–;–;–;A;
Monofásico EI;EI 125;133081;EI 125x59 p/pin central;32.8;59;42.9;46.6;78.1;62.2;98.3;10;10;–;–;–;B;
Monofásico EI;EI 125;133110;EI 125x59 c/sep 53/47%;32.8;59;42.9;46.6;68.4;62.2;91.3;–;–;19.9;17.7;–;A;Corregido X2→Y1/Y2
Monofásico EI;EI 125;133910;EI 125x59 c/sep 50/50%;32.8;59;42.9;46.6;68.4;62.2;91.3;–;–;18.8;18.8;–;A;Corregido X2→Y1/Y2
Monofásico EI;EI 125;133181;EI 125x59 c/sep 53/47% p/pin ctrl.;32.8;59;42.9;46.6;63.1;62.2;98.3;10;10;19.9;17.7;–;B;
Monofásico EI;EI 125;133981;EI 125x59 c/sep 50/50% p/pin ctrl.;32.8;59;42.9;46.6;63.1;62.2;98.3;10;10;18.8;18.8;–;B;
Monofásico EI;EI 35;W138081;EI 35x54 W;35.3;54;45.4;49.2;73.1;67;93.3;10;10;–;–;–;A;
Monofásico EI;EI 155;144081;EI 155x38;39;38.5;52.9;55.9;63.5;75;82.5;–;–;–;–;–;A;
Monofásico EI;EI 155;144181;EI 155x38 c/sep 53/47%;39;38.5;52.9;55.9;63.5;75;82.5;–;–;27.2;24.1;–;A;Corregido X2→Y1/Y2
Monofásico EI;EI 155;144981;EI 155x38 c/sep 50/50%;39;38.5;52.9;55.9;63.5;75;82.5;–;–;25.7;25.7;–;A;Corregido X2→Y1/Y2
Monofásico EI;EI 155;134081;EI 155x43;39;43.5;52.9;55.9;63.5;75;87.5;–;–;–;–;–;A;
Monofásico EI;EI 155;134181;EI 155x43 c/sep 53/47%;39;43.5;52.9;55.9;63.5;75;87.5;–;–;27.2;24.1;–;A;Corregido X2→Y1/Y2
Monofásico EI;EI 155;134981;EI 155x43 c/sep 50/50%;39;43.5;52.9;55.9;63.5;75;87.5;–;–;25.7;25.7;–;A;Corregido X2→Y1/Y2
Monofásico EI;EI 155;208081;EI 155x50;39;50.5;52.9;55.9;63.5;75;94.5;–;–;–;–;–;A;
Monofásico EI;EI 155;208181;EI 155x50 c/sep 53/47%;39;50.5;52.9;55.9;63.5;75;94.5;–;–;27.2;24.1;–;A;Corregido X2→Y1/Y2
Monofásico EI;EI 155;208981;EI 155x50 c/sep 50/50%;39;50.5;52.9;55.9;63.5;75;94.5;–;–;25.7;25.7;–;A;Corregido X2→Y1/Y2
Monofásico EI;EI 155;135081;EI 155x60;39;60.5;52.9;55.9;63.5;75;104.5;–;–;–;–;–;A;
Monofásico EI;EI 155;135181;EI 155x60 c/sep 53/47%;39;60.5;52.9;55.9;63.5;75;104.5;–;–;27.2;24.1;–;A;Corregido X2→Y1/Y2
Monofásico EI;EI 155;135981;EI 155x60 c/sep 50/50%;39;60.5;52.9;55.9;63.5;75;104.5;–;–;25.7;25.7;–;A;Corregido X2→Y1/Y2
Monofásico EI;EI 60;252010;EI 60x40;41.2;41;56;59.5;66.7;79.2;79.5;–;–;–;–;–;A;
Monofásico EI;EI 60;252110;EI 60x40 c/sep 53/47%;41.2;41;56;59.5;66.7;79.2;79.5;–;–;28.6;25.4;–;A;Corregido X2→Y1/Y2
Monofásico EI;EI 60;253010;EI 60x50;41.2;50.5;56;59.5;66.7;79.2;90.5;–;–;–;–;–;A;
Monofásico EI;EI 60;253110;EI 60x50 c/sep 53/47%;41.2;50.5;56;59.5;66.7;79.2;90.5;–;–;28.6;25.4;–;A;Corregido X2→Y1/Y2
Monofásico EI;EI 60;253910;EI 60x50 c/sep 50/50%;41.2;50.5;56;59.5;66.7;79.2;90.5;–;–;27;27;–;A;Corregido X2→Y1/Y2
Monofásico EI;EI 155E;180081;EI 155Ex42;42.7;42;59.4;62.1;69.9;83;90.5;–;–;–;–;–;A;
Monofásico EI;EI 155E;180181;EI 155Ex42 c/sep 53/47%;42.7;42;59.4;62.1;69.9;83;90.5;–;–;30.6;27.2;–;A;Corregido X2→Y1/Y2
Monofásico EI;EI 155E;181081;EI 155Ex50;43.1;50.4;59.5;62.4;70.4;83.3;98.6;–;–;–;–;–;A;
Monofásico EI;EI 155E;181181;EI 155Ex50 c/sep 53/47%;43.1;50.4;59.5;62.4;70.4;83.3;98.6;–;–;30.6;27.2;–;A;Corregido X2→Y1/Y2
Monofásico EI;EI 155E;181981;EI 155Ex50 c/sep 50/50%;43.1;50.4;59.5;62.4;70.4;83.3;98.6;–;–;28.9;28.9;–;A;Corregido X2→Y1/Y2
Monofásico EI;EI 155E;182081;EI 155Ex60;43.1;60.4;59.5;62.4;70.3;83.3;108.3;–;–;–;–;–;A;
Monofásico EI;EI 155E;182181;EI 155Ex60 c/sep 53/47%;43.1;60.4;59.5;62.4;70.3;83.3;108.3;–;–;30.6;27.2;–;A;Corregido X2→Y1/Y2
Monofásico EI;EI 155E;288081;EI 155Ex75;42.9;76.1;59.6;62.5;70.4;83.3;122.6;–;–;–;–;–;A;
Monofásico EI;EI 155E;288181;EI 155Ex75 c/sep 53/47%;42.9;76.1;59.6;62.5;70.4;83.3;122.6;–;–;30.6;27.2;–;A;Corregido X2→Y1/Y2
Monofásico EI;EI 155E;288981;EI 155Ex75 c/sep 50/50%;42.9;76.1;59.6;62.5;70.4;83.3;122.6;–;–;28.9;28.9;–;A;Corregido X2→Y1/Y2
Monofásico EI;EI 175;330081;EI 175x45;45.5;45.5;62.6;65.6;73.6;87.8;95.8;–;–;–;–;–;A;
Monofásico EI;EI 175;330181;EI 175x45 c/sep 53/47%;45.5;45.5;62.6;65.6;73.6;87.8;95.8;–;–;32.4;28.7;–;A;Corregido X2→Y1/Y2
Monofásico EI;EI 175;330981;EI 175x45 c/sep 50/50%;45.5;45.5;62.6;65.6;73.6;87.8;95.8;–;–;30.5;30.5;–;A;Corregido X2→Y1/Y2
Monofásico EI;EI 175;331081;EI 175x57;45.5;57.5;62.6;65.6;73.6;87.8;103.8;–;–;–;–;–;A;
Monofásico EI;EI 175;331181;EI 175x57 c/sep 53/47%;45.5;57.5;62.6;65.6;73.6;87.8;103.8;–;–;32.4;28.7;–;A;Corregido X2→Y1/Y2
Monofásico EI;EI 175;331981;EI 175x57 c/sep 50/50%;45.5;57.5;62.6;65.6;73.6;87.8;103.8;–;–;30.5;30.5;–;A;Corregido X2→Y1/Y2
Monofásico EI;EI 175;332081;EI 175x63;45.5;63.5;62.6;65.6;73.6;87.8;113.8;–;–;–;–;–;A;
Monofásico EI;EI 175;332181;EI 175x63 c/sep 53/47%;45.5;63.5;62.6;65.6;73.6;87.8;113.8;–;–;32.4;28.7;–;A;Corregido X2→Y1/Y2
Monofásico EI;EI 175;332981;EI 175x63 c/sep 53/47%;45.5;63.5;62.6;65.6;73.6;87.8;113.8;–;–;30.5;30.5;–;A;Cámaras reales 50/50
Monofásico EI;EI 600;188081;EI 600x50;51;40.5;70;74.5;83;98.7;98.8;–;–;–;–;–;A;
Monofásico EI;EI 600;188981;EI 600x50 c/sep 50/50%;51;40.5;70;74.5;83;98.7;98.8;–;–;33.9;33.9;–;A;Corregido X2→Y1/Y2
Monofásico EI;EI 600;188181;EI 600x50 c/sep 54/46%;51;40.5;70;74.5;83;98.7;98.8;–;–;40.7;27.1;–;A;Cámaras reales 60/40
Monofásico EI;EI 600;189081;EI 600x60;51;60;70.4;74.7;83.4;98;108.6;–;–;–;–;–;A;
Monofásico EI;EI 600;189981;EI 600x60 c/sep 50/50%;51;60;70.4;74.7;83.4;98;108.6;–;–;33.5;33.5;–;A;Corregido X2→Y1/Y2
Monofásico EI;EI 600;189181;EI 600x60 c/sep 54/46%;51;60;70.4;74.7;83.4;98;108.6;–;–;36.1;30.8;–;A;Corregido X2→Y1/Y2
Monofásico EI;EI 600;W301081;EI 600x72 W;50.3;72;69.6;73;80.2;99;119;–;–;–;–;–;B;
Monofásico EI;EI 600;W301981;EI 600x72 W c/sep 50/50%;50.3;72;69.6;73;80.2;99;119;–;–;33.9;33.9;–;B;Corregido X2→Y1/Y2
Monofásico EI;EI 600;W301181;EI 600x72 W c/sep 53/47%;50.3;72;69.6;73;80.2;99;119;–;–;35.9;31.9;–;B;Corregido X2→Y1/Y2
Monofásico EI;EI 600;256081;EI 600x80;51.2;81.7;70.6;73.6;82.2;98.4;128;–;–;–;–;–;A;
Monofásico EI;EI 600;256981;EI 600x80 c/sep 50/50%;51.2;81.7;70.6;73.6;82.2;98.4;128;–;–;34.4;34.4;–;A;Corregido X2→Y1/Y2
Monofásico EI;EI 600;256181;EI 600x80 c/sep 53/47%;51.2;81.7;70.6;73.6;82.2;98.4;128;–;–;36.5;32.3;–;A;Corregido X2→Y1/Y2
Monofásico EI;EI 600;287081;EI 600x95;51.5;96.3;70.3;74;82;98.5;141.5;–;–;–;–;–;A;
Monofásico EI;EI 600;287981;EI 600x95 c/sep 50/50%;51.5;96.3;70.3;74;82;98.5;141.5;–;–;33.5;33.5;–;A;Corregido X2→Y1/Y2
Monofásico EI;EI 600;287181;EI 600x95 c/sep 53/47%;51.5;96.3;70.3;74;82;98.5;141.5;–;–;35.5;31.5;–;A;Corregido X2→Y1/Y2
Monofásico EI;EI 500;254081;EI 500x64;65.2;65.6;91.2;95.1;106.5;126;127.9;–;–;–;–;–;A;
Monofásico EI;EI 500;254981;EI 500x64 c/sep 50/50%;65.2;65.6;91.2;95.1;106.5;126;127.9;–;–;43.7;43.7;–;–;Corregido X2→Y1/Y2
Monofásico EI;EI 500;254181;EI 500x64 c/sep 53/47%;65.2;65.6;91.2;95.1;106.5;126;127.9;–;–;48.8;38.6;–;–;Corregido X2→Y1/Y2
Monofásico EI;EI 500;254X81;EI 500x64 c/sep 70/30%;65.2;65.6;91.2;95.1;106.5;126;127.9;–;–;61.2;26.2;–;–;Corregido X2→Y1/Y2
Monofásico EI;EI 500;260081;EI 500x80;65;81.2;91.2;95.1;106.5;126;141;–;–;–;–;–;A;
Monofásico EI;EI 500;260981;EI 500x80 c/sep 50/50%;65;81.2;91.2;95.1;106.5;126;141;–;–;43.7;43.7;–;A;Corregido N,A,L desde 260081
Monofásico EI;EI 500;260181;EI 500x80 c/sep 53/47%;65;81.2;91.2;95.1;106.5;126;141;–;–;46;40.8;–;A;Corregido N,A,L desde 260081
Monofásico EI;EI 800;273081;Semicarrete EI 800x35;84;35.5;112;118;131;162;91;–;–;–;–;–;A;
Monofásico EI;EI 800;274081;Semicarrete EI 800x47;84;47.5;112;118;131;162;103;–;–;–;–;–;A;
Monofásico EI;EI EURO;166010;EI 12x30;12.1;30.1;16.3;18.4;28.7;26.4;46.2;–;–;–;–;–;A;
Monofásico EI;EI EURO;166081;EI 12x30 p/pin central Europeo;12.1;30.1;16.3;18.4;26;26.4;53.2;10;–;–;–;–;B;
Monofásico EI;EI EURO;145010;EI 12x40 Europeo;12;39.8;16.2;18.2;28.6;26.5;55.7;–;–;–;–;–;A;
Monofásico EI;EI EURO;146010;EI 12x50 Europeo;12;49.4;16.2;18.2;29.6;26.5;65.5;–;–;–;–;–;A;
Monofásico EI;EI EURO;233010;EI 12x60 Europeo;12;60.3;17;19;30.4;26.6;77;–;–;–;–;–;A;
Monofásico EI;EI EURO;233081;EI 12x60 p/pin central Europeo;12;60.3;17;19;26.3;26.6;84;10;–;–;–;–;B;
Monofásico EI;EI EURO;120010;EI 12x80 Europeo;12.3;80.3;17;19;30.1;26.3;96.5;–;–;–;–;–;A;
